text,label
How do I set nomodeset after I've already installed Ubuntu?,nomodeset ubuntu
How to make a TCP socket time out,tcp socket time out
I have to sign off,goodbye
Install mysql server in Ubuntu,mysql install
JAVA HOME not found in Ubuntu,java home ubuntu
JAVA HOME not found,java home ubuntu
TCP Socket no connection timeout,tcp socket time out
Install Python 3 alongside python 2.7 on Ubuntu,python multiple versions
Install multiple versions of python,python multiple versions
Install the latest version of ruby in Ubuntu,ruby install
Best way to achieve thread functionality in Spring,spring threads
Thread functionality in Spring,spring threads
mysql installation,mysql install
python installation,python multiple versions
mysql install,mysql install
python install,python multiple versions
ruby install,ruby install
tcp socket timed out,tcp socket time out